RowId,Incidents
1,Very_High
2,None
3,None
4,Low
5,None
6,Very_High
7,High
8,None
9,High
10,None
11,None
12,Very_High
13,High
14,Low
15,None
16,High
17,High
18,None
19,Low
20,High
21,None
22,Low
23,None
24,Low
25,High
26,High
27,None
28,Medium
29,None
30,Medium
31,None
32,None
33,High
34,None
35,High
36,None
37,Low
38,None
39,High
40,None
41,None
42,None
43,High
44,None
45,High
46,Very_High
47,None
48,Medium
49,None
50,None
51,High
52,None
53,Low
54,None
55,None
56,Very_High
57,None
58,None
59,None
60,None
61,None
62,Low
63,None
64,Very_High
65,Low
66,Medium
67,Very_High
68,None
69,High
70,None
71,None
72,None
73,Very_High
74,High
75,High
76,None
77,None
78,Very_High
79,Very_High
80,High
81,None
82,High
83,High
84,High
85,Medium
86,High
87,Very_High
88,High
89,None
90,Medium
91,High
92,None
93,High
94,None
95,Very_High
96,High
97,High
98,None
99,High
100,High
101,Very_High
102,Very_High
103,None
104,None
105,None
106,None
107,Low
108,Medium
109,Low
110,High
111,Very_High
112,Low
113,None
114,High
115,Very_High
116,None
117,High
118,High
119,None
120,Low
121,Low
122,None
123,None
124,None
125,High
126,High
127,Low
128,High
129,High
130,High
131,Very_High
132,High
133,Very_High
134,High
135,None
136,None
137,Medium
138,Low
139,High
140,None
141,Low
142,High
143,None
144,None
145,None
146,High
147,Low
148,Low
149,High
150,None
151,None
152,None
153,High
154,Very_High
155,High
156,Low
157,Medium
158,Very_High
159,None
160,None
161,None
162,Low
163,None
164,None
165,Very_High
166,None
167,None
168,None
169,None
170,None
171,High
172,Very_High
173,None
174,High
175,None
176,High
177,Very_High
178,None
179,High
180,Low
181,High
182,High
183,None
184,High
185,Low
186,Medium
187,High
188,High
189,High
190,Low
191,High
192,None
193,Medium
194,Low
195,High
196,High
197,Very_High
198,Very_High
199,High
200,High
201,High
202,Low
203,Very_High
204,Low
205,Low
206,Low
207,High
208,None
209,None
210,None
211,None
212,High
213,None
214,High
215,Very_High
216,Low
217,None
218,High
219,Low
220,None
221,High
222,Very_High
223,None
224,None
225,Medium
226,Low
227,None
228,Low
229,None
230,High
231,Very_High
232,None
233,Low
234,Medium
235,High
236,None
237,High
238,None
239,None
240,None
241,High
242,High
243,Very_High
244,None
245,None
246,Low
247,None
248,Low
249,None
250,Low
251,High
252,None
253,Very_High
254,None
255,None
256,Medium
257,High
258,High
259,None
260,Low
261,High
262,None
263,None
264,High
265,Low
266,None
267,High
268,Low
269,Low
270,High
271,Low
272,None
273,None
274,Very_High
275,High
276,None
277,Low
278,Low
279,None
280,None
281,None
282,None
283,None
284,None
285,High
286,None
287,None
288,Very_High
289,None
290,Medium
291,High
292,None
293,High
294,High
295,Low
296,Low
297,Low
298,Very_High
299,None
300,Low
301,None
302,None
303,Medium
304,None
305,None
306,None
307,Medium
308,None
309,None
310,Very_High
311,None
312,None
313,None
314,Medium
315,None
316,Low
317,None
318,Very_High
319,High
320,High
321,High
322,High
323,Low
324,High
325,Very_High
326,High
327,None
328,None
329,High
330,None
331,High
332,None
333,High
334,High
335,High
336,None
337,None
338,High
339,High
340,None
341,None
342,None
343,None
344,Low
345,High
346,None
347,Very_High
348,None
349,High
350,High
351,None
352,Very_High
353,None
354,Low
355,Very_High
356,None
357,High
358,Medium
359,None
360,High
361,None
362,None
363,High
364,None
365,None
366,High
367,None
368,Very_High
369,Very_High
370,None
371,None
372,High
373,Low
374,None
375,None
376,None
377,None
378,None
379,Medium
380,None
381,Low
382,None
383,Very_High
384,None
385,None
386,None
387,None
388,High
389,None
390,Low
391,High
392,None
393,None
394,None
395,None
396,High
397,Very_High
398,None
399,None
400,High
401,None
402,Low
403,High
404,High
405,High
406,High
407,None
408,Very_High
409,None
410,None
411,None
412,High
413,None
414,None
415,High
416,High
417,Medium
418,High
419,High
420,None
421,Very_High
422,Very_High
423,None
424,None
425,None
426,High
427,None
428,None
429,None
430,None
431,High
432,High
433,High
434,None
435,Medium
436,High
437,High
438,Low
439,None
440,High
441,Low
442,High
443,High
444,High
445,Medium
446,Low
447,None
448,High
449,Very_High
450,None
451,High
452,None
453,Low
454,Low
455,Very_High
456,None
457,High
458,Medium
459,Medium
460,None
461,None
462,None
463,None
464,High
465,High
466,None
467,None
468,High
469,Low
470,Low
471,High
472,None
473,High
474,None
475,Very_High
476,None
477,High
478,None
479,None
480,Low
481,Low
482,High
483,Very_High
484,None
485,Very_High
486,None
487,None
488,High
489,None
490,High
491,None
492,None
493,Low
494,None
495,None
496,Medium
497,Low
498,Low
499,None
500,Medium
501,None
502,None
503,None
504,High
505,Very_High
506,Very_High
507,None
508,None
509,None
510,Very_High
511,None
512,None
513,None
514,High
515,None
516,None
517,Low
518,None
519,High
520,None
521,High
522,Medium
523,None
524,High
525,None
526,Medium
527,None
528,None
529,None
530,None
531,High
532,None
533,None
534,None
535,None
536,High
537,High
538,Medium
539,None
540,Low
541,High
542,High
543,None
544,None
545,None
546,High
547,High
548,High
549,High
550,High
551,None
552,Medium
553,Low
554,High
555,None
556,None
557,None
558,High
559,High
560,High
561,None
562,Medium
563,None
564,High
565,None
566,High
567,None
568,High
569,None
570,Very_High
571,None
572,None
573,None
574,Low
575,High
576,Low
577,High
578,None
579,None
580,Low
581,High
582,Low
583,Very_High
584,Low
585,High
586,High
587,Very_High
588,High
589,None
590,Low
591,High
592,High
593,High
594,None
595,None
596,Low
597,High
598,None
599,Very_High
600,High
601,High
602,Low
603,None
604,None
605,High
606,None
607,None
608,None
609,None
610,None
611,None
612,None
613,Very_High
614,High
615,Low
616,None
617,Medium
618,Medium
619,None
620,Medium
621,None
622,Medium
623,None
624,High
625,High
626,Medium
627,Very_High
628,High
629,High
630,None
631,High
632,None
633,None
634,None
635,High
636,None
637,High
638,High
639,None
640,High
641,None
642,High
643,High
644,None
645,None
646,None
647,None
648,None
649,None
650,None
651,None
652,High
653,High
654,None
655,Very_High
656,High
657,None
658,None
659,None
660,Medium
661,Low
662,High
663,High
664,None
665,High
666,High
667,High
668,Very_High
669,High
670,Low
671,Low
672,Very_High
673,Medium
674,High
675,Low
676,None
677,None
678,None
679,None
680,High
681,Very_High
682,None
683,None
684,None
685,Low
686,Very_High
687,Low
688,None
689,None
690,Very_High
691,None
692,Medium
693,None
694,Very_High
695,None
696,Low
697,Very_High
698,Very_High
699,None
700,Medium
701,None
702,Low
703,High
704,None
705,High
706,High
707,Very_High
708,Medium
709,Low
710,High
711,None
712,High
713,Very_High
714,High
715,None
716,None
717,Medium
718,None
719,None
720,High
721,Very_High
722,None
723,Very_High
724,High
725,None
726,None
727,None
728,None
729,None
730,None
731,Medium
732,None
733,High
734,None
735,Low
736,High
737,Very_High
738,High
739,Low
740,None
741,Low
742,High
743,None
744,None
745,High
746,High
747,Very_High
748,Very_High
749,High
750,High
751,None
752,Low
753,High
754,Low
755,None
756,High
757,High
758,High
759,High
760,None
761,None
762,None
763,Low
764,High
765,Very_High
766,None
767,Very_High
768,High
769,None
770,High
771,Low
772,None
773,None
774,Medium
775,Very_High
776,None
777,None
778,High
779,High
780,High
781,High
782,Very_High
783,None
784,None
785,Low
786,Medium
787,High
788,High
789,High
790,Very_High
791,High
792,None
793,None
794,None
795,None
796,High
797,High
798,Low
799,None
800,Very_High
801,None
802,None
803,None
804,None
805,None
806,None
807,High
808,High
809,High
810,None
811,Medium
812,None
813,Very_High
814,None
815,Very_High
816,High
817,None
818,None
819,Low
820,Very_High
821,None
822,Very_High
823,Low
824,None
825,Low
826,Very_High
827,None
828,Very_High
829,High
830,Medium
831,High
832,None
833,Medium
834,None
835,None
836,High
837,High
838,High
839,None
840,Very_High
841,High
842,Very_High
843,None
844,Low
845,Very_High
846,Very_High
847,None
848,None
849,High
850,Medium
851,High
852,High
853,High
854,High
855,High
856,None
857,None
858,Low
859,None
860,None
861,None
862,Low
863,Low
864,Low
865,Low
866,None
867,None
868,Low
869,Low
870,None
871,High
872,Low
873,High
874,Medium
875,High
876,None
877,High
878,High
879,None
880,High
881,High
882,None
883,None
884,None
885,High
886,None
887,Very_High
888,Very_High
889,None
890,High
891,High
892,High
893,None
894,High
895,Medium
896,Low
897,None
898,None
899,Low
900,High
901,Medium
902,Low
903,Very_High
904,None
905,None
906,None
907,High
908,None
909,High
910,Medium
911,None
912,None
913,None
914,None
915,None
916,None
917,None
918,High
919,High
920,High
921,High
922,High
923,None
924,Very_High
925,None
926,High
927,High
928,High
929,Medium
930,High
931,None
932,High
933,High
934,Low
935,None
936,High
937,Low
938,None
939,Very_High
940,None
941,None
942,None
943,High
944,Medium
945,High
946,None
947,Low
948,None
949,None
950,Low
951,Low
952,None
953,High
954,None
955,None
956,None
957,None
958,Very_High
959,Very_High
960,None
961,Very_High
962,High
963,None
964,Low
965,Low
966,Medium
967,High
968,High
969,None
970,None
971,High
972,High
973,None
974,Very_High
975,None
976,None
977,High
978,None
979,Very_High
980,None
981,None
982,None
983,None
984,None
985,High
986,None
987,Low
988,None
989,None
990,High
991,None
992,High
993,High
994,Very_High
995,High
996,High
997,None
998,Low
999,Low
1000,Medium
1001,High
1002,High
1003,Very_High
1004,None
1005,None
1006,None
1007,None
1008,None
1009,High
1010,None
1011,High
1012,None
1013,Medium
1014,None
1015,None
1016,High
1017,None
1018,High
1019,Medium
1020,None
1021,None
1022,None
1023,None
1024,None
1025,High
1026,Low
1027,High
1028,None
1029,Low
1030,Very_High
1031,None
1032,None
1033,Low
1034,None
1035,High
1036,Low
1037,None
1038,High
1039,None
1040,High
1041,None
1042,High
1043,None
1044,High
1045,None
1046,None
1047,Very_High
1048,None
1049,None
1050,Very_High
1051,Very_High
1052,High
1053,Low
1054,Low
1055,None
1056,None
1057,None
1058,High
1059,Low
1060,Very_High
1061,Very_High
1062,High
1063,High
1064,High
1065,Very_High
1066,None
1067,Medium
1068,Very_High
1069,High
1070,Low
1071,Medium
1072,Very_High
1073,None
1074,Low
1075,Low
1076,None
1077,Very_High
1078,Very_High
1079,High
1080,None
1081,Low
1082,Low
1083,High
1084,None
1085,None
1086,None
1087,High
1088,High
1089,None
1090,Medium
1091,High
1092,None
1093,High
1094,High
1095,None
1096,Very_High
1097,High
1098,None
1099,None
1100,None
1101,None
1102,None
1103,None
1104,None
1105,None
1106,None
1107,None
1108,None
1109,Very_High
1110,None
1111,High
1112,None
1113,None
1114,None
1115,High
1116,High
1117,High
1118,Medium
1119,Low
1120,None
1121,Very_High
1122,None
1123,None
1124,Low
1125,High
1126,None
1127,None
1128,High
1129,None
1130,Low
1131,None
1132,None
1133,None
1134,High
1135,High
1136,High
1137,High
1138,Medium
1139,High
1140,High
1141,None
1142,Low
1143,High
1144,High
1145,High
1146,None
1147,None
1148,Low
1149,None
1150,None
1151,None
1152,None
1153,High
1154,None
1155,High
1156,None
1157,High
1158,Very_High
1159,None
1160,Very_High
1161,None
1162,High
1163,Low
1164,None
1165,None
1166,Medium
1167,None
1168,None
1169,None
1170,High
1171,Low
1172,None
1173,None
1174,None
1175,None
1176,None
1177,High
1178,High
1179,None
1180,None
1181,None
1182,High
1183,None
1184,Low
1185,Low
1186,None
1187,None
1188,Medium
1189,High
1190,None
1191,High
1192,High
1193,Low
1194,None
1195,Low
1196,None
1197,None
1198,None
1199,None
1200,Very_High
1201,None
1202,None
1203,Low
1204,High
1205,Low
1206,High
