RowId,Incidents
1,Very_High
2,None
3,None
4,Low
5,None
6,Very_High
7,Very_High
8,None
9,High
10,Low
11,None
12,Very_High
13,High
14,High
15,None
16,High
17,Very_High
18,None
19,None
20,High
21,None
22,Low
23,None
24,Low
25,High
26,High
27,None
28,Medium
29,Medium
30,High
31,None
32,None
33,Medium
34,None
35,High
36,Low
37,Low
38,None
39,Very_High
40,None
41,None
42,None
43,Medium
44,None
45,High
46,Very_High
47,None
48,Low
49,None
50,None
51,High
52,None
53,Low
54,None
55,None
56,Very_High
57,None
58,Low
59,None
60,None
61,None
62,High
63,None
64,High
65,Low
66,Low
67,Medium
68,None
69,Low
70,None
71,None
72,None
73,Very_High
74,Very_High
75,Low
76,Medium
77,None
78,Very_High
79,Very_High
80,None
81,Low
82,High
83,Medium
84,High
85,Low
86,Medium
87,Very_High
88,High
89,None
90,Low
91,High
92,High
93,High
94,Low
95,Very_High
96,High
97,High
98,None
99,High
100,Medium
101,Very_High
102,High
103,None
104,None
105,None
106,None
107,Low
108,Low
109,Low
110,High
111,High
112,Low
113,None
114,High
115,Very_High
116,None
117,High
118,High
119,None
120,Low
121,None
122,None
123,None
124,None
125,Medium
126,High
127,Low
128,High
129,Low
130,High
131,Very_High
132,High
133,Very_High
134,High
135,None
136,None
137,Low
138,None
139,High
140,None
141,Low
142,High
143,None
144,None
145,None
146,High
147,Low
148,Low
149,Medium
150,None
151,None
152,None
153,High
154,Very_High
155,High
156,Low
157,None
158,High
159,None
160,None
161,None
162,Low
163,Medium
164,None
165,Very_High
166,None
167,None
168,None
169,None
170,None
171,Medium
172,High
173,None
174,High
175,None
176,High
177,Very_High
178,None
179,High
180,Medium
181,High
182,High
183,None
184,High
185,Low
186,Low
187,Very_High
188,High
189,Very_High
190,Low
191,High
192,None
193,Medium
194,Low
195,High
196,High
197,High
198,Low
199,High
200,High
201,Very_High
202,High
203,High
204,Low
205,Low
206,None
207,Medium
208,Low
209,None
210,None
211,None
212,High
213,None
214,High
215,Very_High
216,High
217,None
218,High
219,Low
220,None
221,High
222,Very_High
223,None
224,None
225,Low
226,High
227,None
228,None
229,None
230,High
231,Medium
232,None
233,Low
234,High
235,Very_High
236,None
237,High
238,None
239,Low
240,None
241,High
242,High
243,Very_High
244,None
245,High
246,High
247,None
248,Medium
249,None
250,High
251,Very_High
252,None
253,Very_High
254,None
255,None
256,Medium
257,High
258,High
259,None
260,None
261,None
262,None
263,Low
264,High
265,Low
266,None
267,High
268,Low
269,Low
270,Medium
271,Low
272,Medium
273,None
274,Very_High
275,High
276,None
277,Low
278,Low
279,None
280,None
281,Medium
282,None
283,None
284,None
285,High
286,None
287,None
288,High
289,None
290,High
291,High
292,None
293,High
294,Medium
295,Low
296,Low
297,High
298,Very_High
299,None
300,Low
301,None
302,None
303,None
304,None
305,None
306,None
307,None
308,None
309,None
310,Very_High
311,None
312,None
313,None
314,Low
315,None
316,Medium
317,None
318,Very_High
319,High
320,High
321,Medium
322,High
323,Low
324,Medium
325,Very_High
326,High
327,None
328,Medium
329,High
330,None
331,High
332,None
333,High
334,Low
335,Medium
336,None
337,None
338,High
339,Very_High
340,Medium
341,None
342,None
343,None
344,Low
345,High
346,None
347,Very_High
348,None
349,High
350,High
351,None
352,Very_High
353,None
354,None
355,Very_High
356,None
357,High
358,Medium
359,Medium
360,High
361,None
362,None
363,High
364,None
365,High
366,High
367,None
368,Very_High
369,High
370,None
371,Medium
372,High
373,Low
374,None
375,None
376,None
377,None
378,None
379,Low
380,None
381,Low
382,None
383,Very_High
384,None
385,None
386,None
387,None
388,High
389,None
390,High
391,High
392,None
393,None
394,None
395,None
396,High
397,Very_High
398,None
399,Low
400,High
401,Low
402,Medium
403,High
404,Very_High
405,High
406,High
407,None
408,Very_High
409,None
410,None
411,None
412,High
413,None
414,None
415,Very_High
416,Low
417,Medium
418,Low
419,Medium
420,None
421,High
422,Very_High
423,None
424,None
425,None
426,Medium
427,None
428,Medium
429,None
430,None
431,High
432,Very_High
433,Very_High
434,None
435,Medium
436,High
437,Very_High
438,High
439,None
440,High
441,Low
442,Very_High
443,High
444,Very_High
445,Very_High
446,Low
447,None
448,High
449,Very_High
450,None
451,High
452,None
453,High
454,None
455,Very_High
456,None
457,High
458,High
459,Low
460,None
461,None
462,None
463,None
464,High
465,Very_High
466,None
467,Medium
468,High
469,Low
470,None
471,High
472,None
473,Medium
474,None
475,Very_High
476,Medium
477,Very_High
478,None
479,None
480,Low
481,None
482,None
483,Very_High
484,None
485,High
486,None
487,None
488,High
489,None
490,High
491,None
492,None
493,Low
494,None
495,None
496,High
497,Low
498,Low
499,None
500,None
501,None
502,None
503,None
504,High
505,High
506,Very_High
507,None
508,None
509,None
510,Very_High
511,None
512,None
513,Medium
514,High
515,None
516,None
517,Low
518,None
519,High
520,High
521,High
522,High
523,None
524,Very_High
525,None
526,High
527,None
528,None
529,None
530,Low
531,Very_High
532,None
533,Medium
534,Medium
535,Medium
536,High
537,Medium
538,Low
539,None
540,High
541,Very_High
542,High
543,None
544,None
545,None
546,Very_High
547,Medium
548,High
549,High
550,High
551,Medium
552,Low
553,High
554,High
555,None
556,None
557,None
558,Very_High
559,High
560,High
561,None
562,Medium
563,None
564,Very_High
565,None
566,Very_High
567,None
568,High
569,None
570,Very_High
571,None
572,None
573,Medium
574,None
575,High
576,Low
577,Very_High
578,None
579,None
580,High
581,High
582,Low
583,High
584,Low
585,High
586,High
587,Very_High
588,High
589,None
590,Low
591,High
592,Very_High
593,High
594,None
595,None
596,Low
597,Medium
598,None
599,Very_High
600,Medium
601,High
602,Low
603,None
604,None
605,Very_High
606,None
607,None
608,Low
609,None
610,None
611,None
612,None
613,Very_High
614,High
615,None
616,None
617,Low
618,Low
619,None
620,Very_High
621,None
622,Medium
623,None
624,High
625,High
626,Medium
627,Very_High
628,High
629,High
630,None
631,High
632,None
633,None
634,None
635,Very_High
636,None
637,High
638,Very_High
639,None
640,High
641,None
642,High
643,High
644,None
645,None
646,None
647,None
648,None
649,None
650,None
651,None
652,High
653,High
654,Medium
655,Medium
656,High
657,None
658,None
659,None
660,Medium
661,High
662,High
663,High
664,None
665,High
666,High
667,High
668,Very_High
669,High
670,Low
671,Low
672,Very_High
673,None
674,High
675,Low
676,None
677,None
678,None
679,None
680,High
681,Very_High
682,None
683,None
684,None
685,Medium
686,Very_High
687,High
688,None
689,None
690,Very_High
691,None
692,Low
693,None
694,Very_High
695,None
696,High
697,Very_High
698,Very_High
699,None
700,Low
701,None
702,Low
703,High
704,None
705,High
706,High
707,Very_High
708,Medium
709,Low
710,Very_High
711,None
712,Low
713,Very_High
714,High
715,None
716,None
717,Medium
718,None
719,None
720,Very_High
721,Very_High
722,None
723,High
724,Very_High
725,None
726,None
727,None
728,Medium
729,None
730,None
731,Medium
732,None
733,High
734,High
735,Medium
736,High
737,Very_High
738,High
739,Medium
740,None
741,Low
742,High
743,None
744,None
745,High
746,Very_High
747,Very_High
748,Very_High
749,High
750,High
751,None
752,Low
753,Medium
754,Low
755,None
756,High
757,High
758,High
759,Very_High
760,None
761,None
762,Medium
763,Low
764,High
765,High
766,None
767,Very_High
768,High
769,None
770,High
771,Low
772,None
773,Medium
774,Medium
775,Very_High
776,None
777,None
778,Very_High
779,Very_High
780,High
781,None
782,Medium
783,None
784,None
785,None
786,Medium
787,High
788,High
789,Low
790,Very_High
791,High
792,None
793,None
794,None
795,None
796,High
797,Medium
798,Low
799,None
800,Very_High
801,None
802,None
803,None
804,None
805,High
806,None
807,Very_High
808,Medium
809,Very_High
810,None
811,Low
812,None
813,High
814,None
815,High
816,Low
817,None
818,None
819,Low
820,High
821,None
822,Very_High
823,Low
824,None
825,Low
826,High
827,None
828,High
829,High
830,Very_High
831,High
832,None
833,High
834,None
835,None
836,Very_High
837,High
838,Very_High
839,None
840,Very_High
841,Low
842,Very_High
843,None
844,Low
845,Very_High
846,Very_High
847,None
848,None
849,Medium
850,Medium
851,Very_High
852,High
853,None
854,Medium
855,High
856,None
857,None
858,Low
859,None
860,None
861,None
862,Low
863,Low
864,Low
865,Low
866,None
867,None
868,Low
869,Medium
870,None
871,Medium
872,Low
873,High
874,Medium
875,High
876,None
877,High
878,High
879,None
880,High
881,Medium
882,None
883,Medium
884,None
885,High
886,None
887,Very_High
888,Very_High
889,None
890,High
891,High
892,Medium
893,High
894,High
895,None
896,Low
897,None
898,None
899,Low
900,High
901,High
902,High
903,Very_High
904,None
905,None
906,None
907,High
908,None
909,High
910,Medium
911,None
912,None
913,None
914,None
915,Low
916,None
917,None
918,High
919,Very_High
920,High
921,Medium
922,High
923,None
924,High
925,None
926,High
927,High
928,High
929,Low
930,Medium
931,None
932,Medium
933,High
934,Low
935,Medium
936,Low
937,High
938,None
939,Very_High
940,None
941,None
942,None
943,Very_High
944,Medium
945,High
946,None
947,Low
948,None
949,None
950,Medium
951,Low
952,None
953,High
954,None
955,None
956,None
957,None
958,Very_High
959,High
960,None
961,Very_High
962,High
963,None
964,Low
965,None
966,Medium
967,High
968,High
969,None
970,None
971,Medium
972,Very_High
973,Medium
974,Very_High
975,None
976,Medium
977,High
978,None
979,Very_High
980,None
981,None
982,Medium
983,None
984,None
985,Medium
986,None
987,None
988,None
989,None
990,High
991,Medium
992,High
993,High
994,Very_High
995,Low
996,Very_High
997,None
998,Low
999,Low
1000,High
1001,None
1002,High
1003,Very_High
1004,None
1005,None
1006,None
1007,None
1008,None
1009,Medium
1010,None
1011,Very_High
1012,None
1013,Medium
1014,None
1015,None
1016,Very_High
1017,None
1018,Very_High
1019,Medium
1020,None
1021,None
1022,None
1023,None
1024,None
1025,High
1026,High
1027,Medium
1028,None
1029,Low
1030,High
1031,Low
1032,None
1033,Low
1034,None
1035,High
1036,Low
1037,None
1038,High
1039,None
1040,High
1041,None
1042,High
1043,None
1044,High
1045,None
1046,High
1047,Very_High
1048,None
1049,None
1050,Very_High
1051,High
1052,High
1053,Medium
1054,Low
1055,None
1056,None
1057,None
1058,Very_High
1059,Low
1060,Very_High
1061,None
1062,High
1063,Medium
1064,High
1065,Very_High
1066,Medium
1067,Medium
1068,Very_High
1069,High
1070,High
1071,Low
1072,High
1073,None
1074,High
1075,Low
1076,None
1077,Very_High
1078,Very_High
1079,High
1080,None
1081,Low
1082,High
1083,Medium
1084,None
1085,Low
1086,None
1087,Very_High
1088,Very_High
1089,None
1090,Medium
1091,High
1092,None
1093,High
1094,Low
1095,None
1096,Very_High
1097,High
1098,None
1099,None
1100,None
1101,None
1102,None
1103,None
1104,None
1105,None
1106,None
1107,None
1108,Low
1109,Very_High
1110,None
1111,High
1112,None
1113,None
1114,None
1115,High
1116,Medium
1117,High
1118,Medium
1119,High
1120,None
1121,Very_High
1122,None
1123,None
1124,Low
1125,High
1126,None
1127,None
1128,High
1129,None
1130,Low
1131,None
1132,None
1133,Medium
1134,High
1135,Very_High
1136,Very_High
1137,Very_High
1138,Low
1139,High
1140,High
1141,Low
1142,Low
1143,High
1144,High
1145,High
1146,Low
1147,High
1148,Low
1149,None
1150,None
1151,None
1152,None
1153,High
1154,None
1155,High
1156,None
1157,High
1158,Very_High
1159,None
1160,Very_High
1161,None
1162,High
1163,Low
1164,None
1165,None
1166,High
1167,None
1168,None
1169,Low
1170,Very_High
1171,Medium
1172,None
1173,None
1174,None
1175,None
1176,None
1177,High
1178,Medium
1179,None
1180,Medium
1181,Medium
1182,High
1183,None
1184,Low
1185,Low
1186,None
1187,Low
1188,High
1189,High
1190,None
1191,High
1192,High
1193,High
1194,None
1195,None
1196,None
1197,None
1198,High
1199,None
1200,Very_High
1201,None
1202,None
1203,None
1204,High
1205,Low
1206,High
