RowId,Incidents
1,High
2,None
3,None
4,High
5,None
6,High
7,Very_High
8,None
9,None
10,None
11,None
12,Very_High
13,Very_High
14,Medium
15,None
16,None
17,Very_High
18,Low
19,Low
20,None
21,None
22,High
23,None
24,High
25,None
26,None
27,None
28,None
29,None
30,Very_High
31,None
32,None
33,None
34,None
35,High
36,None
37,Low
38,Low
39,Very_High
40,None
41,None
42,None
43,None
44,None
45,None
46,High
47,None
48,Very_High
49,None
50,None
51,None
52,None
53,Low
54,None
55,None
56,Very_High
57,None
58,None
59,None
60,None
61,None
62,High
63,None
64,Very_High
65,High
66,Medium
67,Very_High
68,None
69,Low
70,None
71,None
72,None
73,High
74,Very_High
75,High
76,None
77,None
78,Very_High
79,Very_High
80,None
81,None
82,None
83,None
84,None
85,None
86,High
87,Very_High
88,High
89,None
90,None
91,None
92,None
93,None
94,Very_High
95,Very_High
96,None
97,None
98,None
99,High
100,Very_High
101,Very_High
102,High
103,None
104,High
105,None
106,None
107,High
108,Medium
109,High
110,Very_High
111,High
112,Low
113,None
114,None
115,Very_High
116,None
117,None
118,None
119,None
120,Low
121,None
122,None
123,None
124,None
125,Very_High
126,Very_High
127,None
128,None
129,Very_High
130,None
131,Very_High
132,Very_High
133,Very_High
134,None
135,None
136,None
137,High
138,None
139,None
140,None
141,High
142,None
143,None
144,None
145,None
146,High
147,Low
148,Low
149,None
150,None
151,None
152,Very_High
153,None
154,High
155,None
156,Low
157,None
158,High
159,None
160,None
161,None
162,Low
163,None
164,None
165,High
166,None
167,None
168,None
169,None
170,None
171,None
172,Very_High
173,None
174,Very_High
175,None
176,High
177,High
178,None
179,None
180,Low
181,None
182,None
183,Low
184,None
185,High
186,Low
187,Very_High
188,None
189,Very_High
190,High
191,None
192,None
193,Medium
194,Low
195,Very_High
196,None
197,High
198,Very_High
199,Very_High
200,None
201,High
202,Low
203,High
204,Low
205,High
206,Low
207,Very_High
208,High
209,None
210,None
211,None
212,None
213,None
214,None
215,High
216,Low
217,None
218,None
219,Low
220,None
221,None
222,Very_High
223,None
224,None
225,Very_High
226,High
227,None
228,None
229,None
230,None
231,Very_High
232,None
233,Low
234,Very_High
235,Very_High
236,Low
237,None
238,None
239,None
240,None
241,None
242,None
243,Very_High
244,None
245,None
246,High
247,None
248,High
249,None
250,Very_High
251,Very_High
252,None
253,Very_High
254,None
255,None
256,None
257,Very_High
258,None
259,None
260,None
261,None
262,None
263,None
264,None
265,High
266,None
267,None
268,High
269,Low
270,None
271,Low
272,None
273,None
274,Very_High
275,None
276,None
277,Very_High
278,High
279,None
280,None
281,None
282,None
283,None
284,None
285,None
286,None
287,None
288,High
289,None
290,Very_High
291,None
292,None
293,None
294,None
295,Low
296,Low
297,High
298,Very_High
299,Very_High
300,Low
301,None
302,None
303,High
304,None
305,None
306,None
307,Low
308,None
309,None
310,Very_High
311,None
312,None
313,None
314,None
315,None
316,Medium
317,None
318,Very_High
319,None
320,None
321,None
322,None
323,Low
324,Very_High
325,Very_High
326,None
327,None
328,None
329,None
330,None
331,None
332,None
333,High
334,Very_High
335,None
336,None
337,None
338,None
339,Very_High
340,None
341,None
342,None
343,None
344,High
345,None
346,None
347,High
348,Low
349,High
350,High
351,None
352,High
353,None
354,Very_High
355,High
356,None
357,None
358,Very_High
359,None
360,None
361,None
362,None
363,None
364,None
365,None
366,Very_High
367,None
368,High
369,Very_High
370,None
371,None
372,None
373,Low
374,None
375,None
376,None
377,None
378,None
379,None
380,None
381,Low
382,None
383,Very_High
384,None
385,None
386,None
387,None
388,High
389,None
390,Medium
391,None
392,None
393,High
394,Low
395,None
396,High
397,High
398,None
399,None
400,High
401,None
402,Low
403,Low
404,Very_High
405,High
406,None
407,None
408,Very_High
409,None
410,None
411,None
412,None
413,None
414,None
415,High
416,High
417,None
418,Very_High
419,Very_High
420,None
421,Low
422,High
423,None
424,None
425,None
426,None
427,None
428,None
429,Low
430,None
431,None
432,Very_High
433,Very_High
434,None
435,None
436,None
437,Very_High
438,Medium
439,None
440,None
441,Low
442,Very_High
443,High
444,Very_High
445,Very_High
446,Low
447,None
448,None
449,Low
450,None
451,None
452,None
453,Very_High
454,High
455,Very_High
456,None
457,High
458,Very_High
459,None
460,None
461,None
462,None
463,None
464,Very_High
465,Very_High
466,Low
467,None
468,None
469,High
470,None
471,High
472,None
473,None
474,None
475,Very_High
476,None
477,High
478,None
479,None
480,Low
481,None
482,None
483,High
484,None
485,Very_High
486,None
487,None
488,Low
489,None
490,None
491,None
492,None
493,Low
494,None
495,None
496,Low
497,Low
498,Low
499,None
500,None
501,None
502,None
503,None
504,None
505,Very_High
506,High
507,None
508,None
509,None
510,High
511,None
512,None
513,Medium
514,None
515,None
516,None
517,High
518,None
519,None
520,None
521,Very_High
522,Very_High
523,None
524,Very_High
525,None
526,Medium
527,None
528,None
529,None
530,None
531,High
532,None
533,None
534,None
535,Low
536,None
537,None
538,None
539,None
540,Low
541,High
542,None
543,None
544,None
545,None
546,Very_High
547,None
548,High
549,Very_High
550,High
551,None
552,Low
553,High
554,High
555,None
556,None
557,None
558,Very_High
559,High
560,Very_High
561,None
562,Low
563,None
564,Very_High
565,None
566,Very_High
567,None
568,High
569,None
570,Very_High
571,None
572,None
573,None
574,Very_High
575,High
576,Low
577,Very_High
578,None
579,None
580,Low
581,None
582,Low
583,Very_High
584,High
585,High
586,High
587,High
588,None
589,None
590,Low
591,None
592,High
593,None
594,None
595,None
596,Low
597,High
598,Low
599,Very_High
600,None
601,None
602,Low
603,None
604,None
605,Very_High
606,None
607,None
608,None
609,None
610,None
611,None
612,None
613,High
614,High
615,None
616,None
617,Very_High
618,High
619,None
620,Very_High
621,None
622,None
623,High
624,Very_High
625,None
626,Very_High
627,High
628,None
629,None
630,None
631,Low
632,None
633,None
634,None
635,Very_High
636,None
637,None
638,Very_High
639,None
640,High
641,None
642,None
643,None
644,None
645,None
646,None
647,None
648,None
649,None
650,None
651,None
652,None
653,High
654,None
655,High
656,High
657,None
658,None
659,None
660,None
661,None
662,None
663,High
664,None
665,High
666,None
667,None
668,Very_High
669,None
670,Medium
671,High
672,Very_High
673,None
674,High
675,Low
676,None
677,Low
678,Low
679,None
680,High
681,Very_High
682,None
683,None
684,None
685,Medium
686,Very_High
687,High
688,None
689,None
690,Very_High
691,None
692,None
693,None
694,Very_High
695,None
696,Medium
697,High
698,Very_High
699,None
700,High
701,None
702,Low
703,Very_High
704,None
705,None
706,High
707,Very_High
708,None
709,Low
710,Low
711,None
712,High
713,Very_High
714,None
715,Low
716,None
717,None
718,None
719,High
720,High
721,Very_High
722,None
723,High
724,High
725,None
726,None
727,None
728,None
729,None
730,None
731,Medium
732,None
733,High
734,None
735,None
736,None
737,Very_High
738,None
739,High
740,None
741,Low
742,Very_High
743,Very_High
744,None
745,None
746,Very_High
747,High
748,Very_High
749,None
750,None
751,None
752,Low
753,None
754,None
755,None
756,High
757,None
758,Very_High
759,Very_High
760,None
761,None
762,None
763,Low
764,None
765,Very_High
766,None
767,Very_High
768,Very_High
769,None
770,High
771,Low
772,None
773,None
774,High
775,High
776,None
777,Low
778,Very_High
779,Very_High
780,None
781,None
782,Very_High
783,None
784,None
785,None
786,None
787,None
788,None
789,High
790,High
791,None
792,None
793,None
794,Low
795,None
796,None
797,Very_High
798,Low
799,None
800,Very_High
801,None
802,None
803,None
804,None
805,None
806,None
807,Very_High
808,Very_High
809,Very_High
810,None
811,High
812,None
813,High
814,None
815,Very_High
816,High
817,None
818,None
819,High
820,Very_High
821,None
822,Very_High
823,Low
824,None
825,High
826,High
827,None
828,High
829,None
830,Very_High
831,None
832,None
833,Very_High
834,None
835,None
836,Very_High
837,None
838,Very_High
839,None
840,Very_High
841,Very_High
842,Very_High
843,None
844,Medium
845,High
846,Very_High
847,None
848,None
849,Low
850,None
851,Very_High
852,None
853,None
854,None
855,None
856,None
857,None
858,Low
859,None
860,None
861,None
862,Low
863,High
864,Low
865,Very_High
866,None
867,None
868,Very_High
869,Low
870,Very_High
871,High
872,High
873,None
874,None
875,Medium
876,Low
877,None
878,None
879,None
880,High
881,None
882,None
883,None
884,None
885,None
886,None
887,Very_High
888,Very_High
889,None
890,Very_High
891,None
892,High
893,None
894,High
895,None
896,Low
897,None
898,None
899,High
900,High
901,Very_High
902,High
903,Very_High
904,None
905,None
906,None
907,None
908,None
909,None
910,None
911,None
912,None
913,None
914,None
915,High
916,None
917,None
918,High
919,Very_High
920,Very_High
921,None
922,None
923,None
924,High
925,None
926,None
927,Very_High
928,Very_High
929,None
930,None
931,None
932,None
933,None
934,Low
935,None
936,High
937,High
938,None
939,Very_High
940,None
941,None
942,None
943,High
944,Very_High
945,None
946,None
947,Low
948,None
949,None
950,Very_High
951,High
952,None
953,Very_High
954,Low
955,None
956,None
957,None
958,Very_High
959,Low
960,None
961,Very_High
962,None
963,None
964,Low
965,Low
966,Very_High
967,Very_High
968,None
969,None
970,None
971,Very_High
972,Low
973,None
974,Very_High
975,None
976,None
977,None
978,None
979,Very_High
980,None
981,None
982,None
983,None
984,None
985,None
986,None
987,Low
988,None
989,None
990,Very_High
991,None
992,None
993,Low
994,Very_High
995,Very_High
996,Very_High
997,None
998,Low
999,High
1000,Very_High
1001,None
1002,High
1003,Very_High
1004,None
1005,None
1006,None
1007,None
1008,None
1009,None
1010,None
1011,Very_High
1012,None
1013,None
1014,None
1015,None
1016,High
1017,None
1018,High
1019,None
1020,None
1021,None
1022,None
1023,None
1024,None
1025,None
1026,Medium
1027,None
1028,None
1029,Low
1030,Very_High
1031,None
1032,None
1033,Low
1034,None
1035,None
1036,Low
1037,None
1038,Very_High
1039,None
1040,Very_High
1041,None
1042,None
1043,None
1044,Very_High
1045,None
1046,None
1047,Very_High
1048,None
1049,None
1050,Very_High
1051,Low
1052,None
1053,High
1054,Low
1055,None
1056,None
1057,None
1058,Very_High
1059,Very_High
1060,Very_High
1061,Very_High
1062,None
1063,None
1064,None
1065,Very_High
1066,None
1067,Low
1068,Very_High
1069,None
1070,Very_High
1071,Medium
1072,Very_High
1073,None
1074,Low
1075,Low
1076,None
1077,Very_High
1078,Very_High
1079,None
1080,None
1081,High
1082,High
1083,None
1084,None
1085,None
1086,None
1087,Very_High
1088,Very_High
1089,None
1090,None
1091,None
1092,None
1093,None
1094,High
1095,None
1096,Very_High
1097,None
1098,None
1099,None
1100,None
1101,None
1102,High
1103,None
1104,None
1105,None
1106,None
1107,None
1108,None
1109,High
1110,None
1111,None
1112,None
1113,None
1114,None
1115,Very_High
1116,None
1117,None
1118,None
1119,Medium
1120,None
1121,Very_High
1122,None
1123,None
1124,Low
1125,Low
1126,None
1127,None
1128,Very_High
1129,None
1130,Low
1131,None
1132,None
1133,None
1134,None
1135,Low
1136,None
1137,Very_High
1138,None
1139,None
1140,None
1141,None
1142,Low
1143,None
1144,High
1145,None
1146,None
1147,None
1148,Low
1149,None
1150,None
1151,None
1152,None
1153,Very_High
1154,High
1155,None
1156,None
1157,None
1158,High
1159,None
1160,Very_High
1161,None
1162,None
1163,None
1164,None
1165,None
1166,Very_High
1167,None
1168,None
1169,None
1170,Very_High
1171,Low
1172,None
1173,None
1174,None
1175,None
1176,None
1177,High
1178,None
1179,None
1180,None
1181,None
1182,High
1183,High
1184,Very_High
1185,Low
1186,None
1187,None
1188,Very_High
1189,High
1190,Low
1191,High
1192,None
1193,Medium
1194,None
1195,None
1196,None
1197,None
1198,None
1199,None
1200,Very_High
1201,None
1202,None
1203,None
1204,Very_High
1205,High
1206,None
