RowId,Incidents
1,Very_High
2,None
3,None
4,High
5,None
6,Very_High
7,Very_High
8,None
9,High
10,None
11,None
12,Very_High
13,Very_High
14,Medium
15,None
16,High
17,Very_High
18,None
19,None
20,High
21,None
22,High
23,None
24,High
25,None
26,None
27,None
28,None
29,None
30,Very_High
31,None
32,None
33,High
34,None
35,High
36,None
37,None
38,None
39,Very_High
40,None
41,None
42,None
43,High
44,None
45,None
46,Very_High
47,None
48,High
49,None
50,None
51,High
52,None
53,None
54,None
55,None
56,Very_High
57,None
58,None
59,None
60,None
61,None
62,High
63,None
64,Very_High
65,Very_High
66,None
67,High
68,None
69,Very_High
70,None
71,None
72,None
73,High
74,Very_High
75,Very_High
76,None
77,None
78,Very_High
79,Very_High
80,None
81,None
82,High
83,None
84,None
85,High
86,High
87,Very_High
88,Very_High
89,None
90,None
91,None
92,None
93,None
94,Low
95,Very_High
96,None
97,None
98,None
99,High
100,Very_High
101,Very_High
102,Very_High
103,None
104,High
105,None
106,None
107,High
108,None
109,None
110,Very_High
111,High
112,Low
113,None
114,None
115,Very_High
116,None
117,High
118,High
119,None
120,High
121,High
122,None
123,None
124,None
125,Very_High
126,Very_High
127,None
128,None
129,Low
130,High
131,Very_High
132,Very_High
133,Very_High
134,High
135,None
136,None
137,High
138,None
139,High
140,None
141,High
142,None
143,None
144,None
145,None
146,High
147,None
148,None
149,High
150,None
151,None
152,None
153,None
154,Very_High
155,High
156,Low
157,High
158,High
159,None
160,None
161,None
162,High
163,None
164,None
165,High
166,None
167,None
168,None
169,None
170,None
171,High
172,Very_High
173,None
174,Very_High
175,None
176,High
177,High
178,None
179,None
180,None
181,None
182,None
183,None
184,High
185,High
186,Low
187,Very_High
188,High
189,Very_High
190,High
191,None
192,None
193,Medium
194,Low
195,Very_High
196,High
197,Very_High
198,Very_High
199,Very_High
200,None
201,High
202,Low
203,High
204,None
205,High
206,Low
207,Very_High
208,High
209,None
210,None
211,None
212,High
213,None
214,High
215,High
216,Low
217,None
218,High
219,High
220,None
221,None
222,Very_High
223,None
224,None
225,High
226,High
227,None
228,None
229,None
230,None
231,Very_High
232,None
233,None
234,Very_High
235,Very_High
236,None
237,None
238,None
239,None
240,None
241,High
242,High
243,Very_High
244,None
245,None
246,Very_High
247,None
248,High
249,None
250,Low
251,Very_High
252,None
253,Very_High
254,None
255,None
256,None
257,Very_High
258,None
259,None
260,None
261,None
262,High
263,None
264,None
265,High
266,None
267,None
268,High
269,Low
270,None
271,High
272,None
273,None
274,Very_High
275,High
276,None
277,Very_High
278,High
279,None
280,None
281,None
282,None
283,None
284,None
285,None
286,None
287,None
288,High
289,None
290,Very_High
291,None
292,None
293,High
294,High
295,None
296,Low
297,Very_High
298,Very_High
299,None
300,Low
301,None
302,None
303,None
304,None
305,None
306,None
307,None
308,None
309,None
310,Very_High
311,None
312,None
313,None
314,None
315,None
316,Low
317,None
318,Very_High
319,None
320,High
321,None
322,None
323,High
324,Low
325,Very_High
326,High
327,None
328,None
329,High
330,None
331,High
332,None
333,None
334,Very_High
335,None
336,None
337,None
338,High
339,Very_High
340,None
341,None
342,None
343,None
344,High
345,None
346,None
347,Very_High
348,None
349,None
350,None
351,None
352,High
353,None
354,None
355,Very_High
356,None
357,High
358,Low
359,None
360,High
361,None
362,None
363,None
364,None
365,None
366,Very_High
367,None
368,High
369,Very_High
370,None
371,None
372,High
373,Low
374,None
375,None
376,None
377,None
378,None
379,None
380,None
381,High
382,None
383,Very_High
384,None
385,None
386,None
387,None
388,None
389,None
390,Medium
391,None
392,None
393,High
394,None
395,None
396,High
397,High
398,None
399,None
400,High
401,None
402,None
403,High
404,Very_High
405,High
406,None
407,None
408,Very_High
409,None
410,None
411,None
412,High
413,None
414,None
415,High
416,Very_High
417,None
418,Very_High
419,Very_High
420,None
421,High
422,Very_High
423,None
424,None
425,None
426,None
427,None
428,None
429,None
430,None
431,High
432,Very_High
433,Very_High
434,None
435,High
436,None
437,Very_High
438,Medium
439,None
440,High
441,High
442,Very_High
443,High
444,High
445,Very_High
446,Low
447,None
448,High
449,High
450,None
451,None
452,None
453,Low
454,High
455,Very_High
456,None
457,High
458,Very_High
459,None
460,None
461,None
462,None
463,None
464,Very_High
465,Very_High
466,None
467,None
468,None
469,High
470,None
471,High
472,None
473,High
474,None
475,Very_High
476,None
477,High
478,None
479,None
480,Low
481,None
482,None
483,High
484,None
485,Very_High
486,None
487,None
488,High
489,None
490,High
491,None
492,None
493,None
494,None
495,None
496,Low
497,High
498,None
499,None
500,None
501,None
502,None
503,None
504,High
505,Very_High
506,Very_High
507,None
508,None
509,None
510,Very_High
511,None
512,None
513,Medium
514,High
515,None
516,None
517,High
518,None
519,None
520,None
521,Very_High
522,Very_High
523,None
524,Very_High
525,None
526,None
527,None
528,None
529,None
530,None
531,High
532,None
533,None
534,None
535,Low
536,None
537,None
538,None
539,High
540,None
541,High
542,None
543,None
544,None
545,None
546,Very_High
547,None
548,None
549,Low
550,High
551,None
552,High
553,High
554,High
555,None
556,None
557,None
558,Very_High
559,High
560,Very_High
561,None
562,Low
563,None
564,Very_High
565,None
566,Very_High
567,None
568,None
569,None
570,Very_High
571,None
572,None
573,None
574,None
575,High
576,Low
577,Very_High
578,None
579,None
580,Low
581,High
582,None
583,Very_High
584,High
585,None
586,High
587,Very_High
588,High
589,None
590,Low
591,High
592,High
593,None
594,None
595,None
596,None
597,Medium
598,None
599,Very_High
600,None
601,None
602,None
603,None
604,None
605,Very_High
606,None
607,None
608,None
609,None
610,None
611,None
612,None
613,High
614,High
615,High
616,None
617,Low
618,High
619,None
620,Very_High
621,None
622,None
623,None
624,Low
625,None
626,Low
627,Very_High
628,High
629,None
630,None
631,High
632,None
633,None
634,None
635,Very_High
636,None
637,High
638,Very_High
639,None
640,High
641,None
642,High
643,High
644,None
645,None
646,None
647,None
648,None
649,None
650,None
651,None
652,None
653,High
654,None
655,Very_High
656,High
657,None
658,None
659,None
660,None
661,Medium
662,High
663,High
664,None
665,High
666,High
667,High
668,Very_High
669,None
670,Medium
671,High
672,Very_High
673,None
674,High
675,Low
676,None
677,None
678,None
679,None
680,None
681,Very_High
682,None
683,None
684,None
685,High
686,Very_High
687,Very_High
688,None
689,None
690,Very_High
691,None
692,None
693,None
694,Very_High
695,None
696,Medium
697,Very_High
698,Very_High
699,None
700,High
701,None
702,Low
703,Low
704,None
705,None
706,High
707,Very_High
708,Medium
709,Low
710,High
711,None
712,Very_High
713,Very_High
714,None
715,None
716,None
717,High
718,None
719,None
720,High
721,Very_High
722,None
723,Very_High
724,High
725,None
726,None
727,None
728,None
729,None
730,None
731,None
732,None
733,High
734,None
735,Medium
736,High
737,Very_High
738,None
739,High
740,None
741,High
742,Very_High
743,None
744,None
745,None
746,Very_High
747,High
748,Very_High
749,High
750,High
751,None
752,High
753,None
754,None
755,None
756,Medium
757,High
758,Very_High
759,Very_High
760,None
761,None
762,None
763,High
764,None
765,Very_High
766,None
767,Very_High
768,Very_High
769,None
770,High
771,Low
772,None
773,None
774,None
775,High
776,None
777,None
778,Very_High
779,Very_High
780,None
781,None
782,Very_High
783,None
784,None
785,None
786,None
787,None
788,None
789,Very_High
790,High
791,None
792,None
793,None
794,None
795,None
796,High
797,Very_High
798,Low
799,None
800,Very_High
801,None
802,None
803,None
804,None
805,None
806,None
807,Very_High
808,Very_High
809,Very_High
810,None
811,Low
812,None
813,Very_High
814,None
815,Very_High
816,High
817,None
818,None
819,High
820,Very_High
821,None
822,High
823,None
824,None
825,High
826,High
827,None
828,High
829,None
830,Low
831,None
832,None
833,Low
834,None
835,None
836,Very_High
837,None
838,Very_High
839,None
840,Very_High
841,Low
842,Very_High
843,None
844,None
845,High
846,Very_High
847,None
848,None
849,Low
850,None
851,Very_High
852,None
853,None
854,High
855,None
856,None
857,None
858,Low
859,None
860,None
861,None
862,None
863,High
864,Low
865,Very_High
866,None
867,None
868,Low
869,None
870,None
871,High
872,High
873,None
874,None
875,Medium
876,None
877,High
878,High
879,None
880,High
881,None
882,None
883,High
884,None
885,High
886,None
887,Very_High
888,Very_High
889,None
890,Very_High
891,High
892,Very_High
893,None
894,High
895,None
896,None
897,None
898,None
899,High
900,None
901,Very_High
902,High
903,Very_High
904,None
905,None
906,None
907,None
908,None
909,None
910,None
911,None
912,None
913,None
914,None
915,High
916,None
917,None
918,High
919,Very_High
920,Low
921,High
922,None
923,None
924,Very_High
925,None
926,None
927,Very_High
928,Very_High
929,None
930,None
931,None
932,None
933,None
934,Low
935,None
936,Very_High
937,Medium
938,None
939,Very_High
940,None
941,None
942,None
943,High
944,Very_High
945,None
946,None
947,Low
948,None
949,None
950,Low
951,High
952,None
953,Low
954,None
955,None
956,None
957,None
958,Very_High
959,High
960,None
961,Very_High
962,None
963,None
964,None
965,Low
966,Low
967,Low
968,High
969,None
970,None
971,Very_High
972,High
973,None
974,Very_High
975,None
976,High
977,High
978,None
979,Very_High
980,None
981,None
982,None
983,None
984,None
985,None
986,None
987,Low
988,None
989,None
990,Very_High
991,None
992,None
993,High
994,Very_High
995,Very_High
996,Very_High
997,None
998,Low
999,High
1000,Very_High
1001,None
1002,High
1003,Very_High
1004,None
1005,None
1006,None
1007,None
1008,None
1009,High
1010,None
1011,Very_High
1012,None
1013,None
1014,None
1015,None
1016,High
1017,None
1018,High
1019,None
1020,None
1021,None
1022,None
1023,None
1024,None
1025,High
1026,Medium
1027,None
1028,None
1029,Low
1030,Very_High
1031,None
1032,None
1033,None
1034,None
1035,High
1036,None
1037,None
1038,Very_High
1039,None
1040,Very_High
1041,None
1042,None
1043,None
1044,Very_High
1045,None
1046,None
1047,Very_High
1048,None
1049,None
1050,Very_High
1051,High
1052,High
1053,High
1054,None
1055,None
1056,None
1057,None
1058,Very_High
1059,Low
1060,Very_High
1061,Very_High
1062,High
1063,High
1064,None
1065,Very_High
1066,None
1067,Low
1068,Very_High
1069,None
1070,High
1071,High
1072,Very_High
1073,None
1074,Low
1075,Low
1076,None
1077,Very_High
1078,Very_High
1079,None
1080,None
1081,None
1082,Medium
1083,None
1084,None
1085,None
1086,None
1087,Very_High
1088,Very_High
1089,None
1090,High
1091,None
1092,None
1093,None
1094,Very_High
1095,None
1096,Very_High
1097,High
1098,High
1099,None
1100,None
1101,None
1102,High
1103,None
1104,None
1105,None
1106,None
1107,None
1108,High
1109,Very_High
1110,None
1111,None
1112,None
1113,None
1114,None
1115,Very_High
1116,None
1117,High
1118,Medium
1119,Medium
1120,None
1121,Very_High
1122,None
1123,None
1124,Low
1125,High
1126,None
1127,None
1128,High
1129,None
1130,Low
1131,None
1132,High
1133,None
1134,High
1135,High
1136,High
1137,Very_High
1138,None
1139,High
1140,High
1141,None
1142,Low
1143,High
1144,None
1145,High
1146,None
1147,None
1148,Low
1149,None
1150,None
1151,None
1152,None
1153,Very_High
1154,None
1155,None
1156,None
1157,None
1158,Very_High
1159,None
1160,Very_High
1161,None
1162,High
1163,None
1164,None
1165,None
1166,Very_High
1167,None
1168,None
1169,None
1170,Very_High
1171,Low
1172,None
1173,None
1174,None
1175,None
1176,None
1177,High
1178,None
1179,None
1180,None
1181,None
1182,High
1183,None
1184,Low
1185,None
1186,None
1187,None
1188,Very_High
1189,High
1190,None
1191,High
1192,None
1193,Medium
1194,None
1195,High
1196,None
1197,None
1198,None
1199,High
1200,Very_High
1201,None
1202,None
1203,None
1204,Low
1205,High
1206,None
