RowId,Incidents
1,High
2,None
3,None
4,None
5,None
6,Very_High
7,Very_High
8,High
9,High
10,None
11,High
12,Very_High
13,Low
14,High
15,None
16,High
17,Low
18,High
19,None
20,High
21,None
22,High
23,None
24,None
25,None
26,High
27,None
28,None
29,None
30,Very_High
31,None
32,None
33,High
34,None
35,High
36,None
37,None
38,None
39,Low
40,None
41,None
42,None
43,High
44,None
45,High
46,Very_High
47,None
48,None
49,None
50,None
51,None
52,None
53,None
54,None
55,None
56,Very_High
57,None
58,None
59,None
60,None
61,None
62,High
63,None
64,High
65,High
66,High
67,High
68,None
69,High
70,None
71,None
72,None
73,Very_High
74,Very_High
75,High
76,High
77,None
78,Very_High
79,Very_High
80,None
81,None
82,None
83,None
84,High
85,None
86,High
87,Very_High
88,High
89,None
90,None
91,High
92,High
93,High
94,None
95,Very_High
96,High
97,High
98,None
99,None
100,None
101,Very_High
102,High
103,None
104,None
105,None
106,None
107,None
108,High
109,None
110,None
111,High
112,None
113,None
114,High
115,High
116,None
117,High
118,High
119,None
120,None
121,High
122,None
123,None
124,None
125,Very_High
126,None
127,None
128,High
129,Low
130,High
131,Very_High
132,None
133,High
134,High
135,None
136,None
137,None
138,None
139,High
140,None
141,None
142,None
143,None
144,None
145,None
146,High
147,None
148,None
149,High
150,None
151,None
152,None
153,High
154,High
155,None
156,None
157,None
158,High
159,None
160,None
161,None
162,High
163,High
164,None
165,Very_High
166,None
167,None
168,High
169,None
170,None
171,High
172,High
173,None
174,Very_High
175,None
176,None
177,High
178,High
179,High
180,None
181,High
182,None
183,None
184,High
185,None
186,None
187,Low
188,High
189,Very_High
190,High
191,High
192,None
193,High
194,Low
195,Very_High
196,High
197,High
198,Very_High
199,Low
200,High
201,High
202,None
203,High
204,None
205,None
206,None
207,Very_High
208,None
209,None
210,None
211,None
212,High
213,None
214,High
215,High
216,None
217,None
218,High
219,None
220,None
221,High
222,Low
223,None
224,None
225,Very_High
226,High
227,None
228,None
229,None
230,High
231,None
232,High
233,None
234,Very_High
235,Low
236,None
237,High
238,None
239,None
240,None
241,None
242,High
243,Very_High
244,None
245,High
246,High
247,None
248,None
249,None
250,None
251,High
252,None
253,High
254,None
255,None
256,None
257,High
258,High
259,None
260,None
261,None
262,None
263,None
264,High
265,None
266,None
267,None
268,High
269,None
270,High
271,None
272,High
273,None
274,Very_High
275,High
276,None
277,Very_High
278,High
279,None
280,None
281,High
282,None
283,None
284,None
285,High
286,None
287,None
288,High
289,None
290,None
291,None
292,None
293,High
294,High
295,None
296,None
297,High
298,Very_High
299,None
300,None
301,None
302,None
303,High
304,None
305,None
306,None
307,None
308,None
309,None
310,High
311,None
312,None
313,None
314,High
315,None
316,None
317,None
318,Very_High
319,High
320,High
321,High
322,None
323,None
324,None
325,Very_High
326,High
327,None
328,None
329,High
330,None
331,High
332,None
333,High
334,Low
335,None
336,None
337,None
338,None
339,Very_High
340,High
341,None
342,None
343,None
344,None
345,High
346,None
347,High
348,None
349,High
350,High
351,None
352,High
353,None
354,None
355,High
356,None
357,High
358,Low
359,High
360,High
361,None
362,None
363,High
364,None
365,High
366,Low
367,None
368,High
369,None
370,None
371,None
372,High
373,None
374,None
375,None
376,None
377,None
378,None
379,None
380,None
381,None
382,None
383,High
384,None
385,None
386,None
387,None
388,High
389,None
390,High
391,High
392,High
393,High
394,None
395,None
396,High
397,High
398,None
399,None
400,None
401,None
402,None
403,High
404,Very_High
405,High
406,High
407,None
408,Very_High
409,None
410,None
411,None
412,High
413,None
414,None
415,High
416,High
417,High
418,Very_High
419,High
420,None
421,None
422,Very_High
423,None
424,None
425,None
426,None
427,None
428,None
429,None
430,None
431,High
432,Very_High
433,High
434,None
435,High
436,High
437,Very_High
438,High
439,None
440,High
441,High
442,Very_High
443,High
444,Very_High
445,Very_High
446,None
447,None
448,High
449,High
450,None
451,None
452,None
453,None
454,None
455,Very_High
456,None
457,High
458,Low
459,High
460,None
461,None
462,None
463,None
464,Low
465,Very_High
466,None
467,None
468,None
469,High
470,None
471,High
472,None
473,High
474,None
475,Very_High
476,High
477,High
478,None
479,None
480,None
481,None
482,High
483,High
484,None
485,Very_High
486,None
487,None
488,None
489,None
490,High
491,None
492,None
493,None
494,None
495,None
496,None
497,None
498,None
499,None
500,None
501,None
502,High
503,None
504,High
505,High
506,High
507,None
508,None
509,None
510,High
511,None
512,None
513,High
514,High
515,None
516,None
517,Very_High
518,None
519,None
520,High
521,Very_High
522,Low
523,None
524,Very_High
525,None
526,High
527,None
528,None
529,None
530,None
531,High
532,High
533,High
534,High
535,None
536,High
537,None
538,High
539,None
540,None
541,High
542,High
543,None
544,None
545,None
546,Very_High
547,None
548,High
549,None
550,High
551,High
552,None
553,High
554,High
555,None
556,None
557,None
558,Very_High
559,High
560,High
561,None
562,None
563,None
564,Very_High
565,None
566,Very_High
567,None
568,High
569,None
570,Very_High
571,None
572,None
573,High
574,None
575,High
576,None
577,Very_High
578,None
579,None
580,None
581,High
582,None
583,High
584,High
585,High
586,High
587,High
588,High
589,None
590,None
591,None
592,High
593,High
594,None
595,None
596,None
597,High
598,None
599,Very_High
600,High
601,High
602,None
603,High
604,None
605,None
606,None
607,None
608,None
609,None
610,None
611,None
612,None
613,High
614,High
615,None
616,None
617,None
618,Very_High
619,None
620,None
621,None
622,None
623,None
624,None
625,High
626,None
627,High
628,High
629,High
630,None
631,High
632,None
633,None
634,None
635,Very_High
636,None
637,High
638,Very_High
639,None
640,High
641,None
642,None
643,High
644,None
645,None
646,None
647,None
648,None
649,None
650,None
651,None
652,High
653,High
654,None
655,High
656,High
657,None
658,None
659,None
660,None
661,High
662,High
663,None
664,None
665,None
666,High
667,High
668,Very_High
669,High
670,High
671,High
672,Very_High
673,None
674,High
675,None
676,None
677,None
678,None
679,None
680,High
681,High
682,None
683,None
684,None
685,None
686,High
687,High
688,None
689,None
690,Very_High
691,None
692,High
693,None
694,High
695,None
696,High
697,High
698,Very_High
699,None
700,None
701,None
702,None
703,None
704,None
705,High
706,None
707,Very_High
708,High
709,None
710,High
711,None
712,High
713,Very_High
714,High
715,None
716,None
717,None
718,None
719,None
720,High
721,Very_High
722,None
723,High
724,High
725,None
726,None
727,None
728,High
729,None
730,None
731,High
732,None
733,High
734,High
735,High
736,High
737,High
738,High
739,None
740,None
741,None
742,None
743,High
744,None
745,High
746,Very_High
747,High
748,Very_High
749,High
750,None
751,None
752,None
753,None
754,None
755,None
756,High
757,High
758,None
759,Very_High
760,None
761,None
762,None
763,None
764,None
765,Very_High
766,None
767,Very_High
768,Low
769,None
770,High
771,None
772,None
773,None
774,None
775,Very_High
776,None
777,None
778,Very_High
779,Very_High
780,High
781,None
782,None
783,None
784,None
785,None
786,None
787,High
788,None
789,None
790,High
791,None
792,None
793,High
794,None
795,None
796,High
797,None
798,None
799,None
800,Very_High
801,None
802,None
803,None
804,None
805,High
806,None
807,Very_High
808,Low
809,High
810,None
811,None
812,None
813,High
814,None
815,Very_High
816,None
817,None
818,None
819,High
820,None
821,None
822,Very_High
823,None
824,None
825,None
826,High
827,None
828,High
829,None
830,None
831,None
832,None
833,None
834,None
835,None
836,Very_High
837,High
838,Very_High
839,None
840,Very_High
841,Low
842,Very_High
843,None
844,None
845,Very_High
846,High
847,None
848,None
849,None
850,None
851,Low
852,High
853,None
854,High
855,None
856,None
857,None
858,None
859,None
860,None
861,None
862,None
863,High
864,None
865,None
866,None
867,None
868,None
869,None
870,None
871,High
872,None
873,High
874,None
875,High
876,None
877,High
878,High
879,None
880,High
881,None
882,None
883,High
884,None
885,High
886,None
887,Very_High
888,Very_High
889,None
890,Low
891,High
892,None
893,High
894,High
895,None
896,None
897,None
898,None
899,High
900,High
901,Very_High
902,High
903,Very_High
904,None
905,None
906,None
907,None
908,None
909,None
910,None
911,None
912,None
913,None
914,None
915,None
916,None
917,None
918,High
919,Very_High
920,None
921,High
922,High
923,None
924,High
925,None
926,None
927,High
928,None
929,High
930,None
931,None
932,None
933,High
934,None
935,None
936,High
937,High
938,None
939,Very_High
940,None
941,None
942,None
943,High
944,None
945,High
946,None
947,None
948,None
949,None
950,Low
951,None
952,None
953,None
954,None
955,None
956,None
957,None
958,High
959,High
960,None
961,Very_High
962,None
963,None
964,None
965,None
966,Low
967,None
968,High
969,None
970,None
971,High
972,High
973,None
974,Very_High
975,None
976,High
977,High
978,None
979,Very_High
980,None
981,None
982,High
983,None
984,None
985,High
986,None
987,None
988,None
989,None
990,Low
991,High
992,High
993,High
994,High
995,None
996,Very_High
997,None
998,None
999,None
1000,Very_High
1001,None
1002,None
1003,High
1004,None
1005,None
1006,None
1007,High
1008,None
1009,High
1010,None
1011,Low
1012,None
1013,None
1014,None
1015,None
1016,High
1017,None
1018,High
1019,None
1020,None
1021,None
1022,None
1023,None
1024,None
1025,High
1026,High
1027,None
1028,None
1029,None
1030,Low
1031,None
1032,None
1033,None
1034,None
1035,High
1036,None
1037,None
1038,None
1039,None
1040,Low
1041,None
1042,High
1043,None
1044,High
1045,None
1046,High
1047,None
1048,None
1049,None
1050,Very_High
1051,High
1052,High
1053,None
1054,None
1055,None
1056,None
1057,None
1058,Very_High
1059,None
1060,Very_High
1061,Very_High
1062,High
1063,High
1064,High
1065,Very_High
1066,None
1067,None
1068,Very_High
1069,High
1070,Very_High
1071,None
1072,Very_High
1073,None
1074,None
1075,None
1076,None
1077,High
1078,Very_High
1079,High
1080,None
1081,None
1082,High
1083,None
1084,None
1085,None
1086,None
1087,Very_High
1088,Very_High
1089,None
1090,High
1091,High
1092,None
1093,High
1094,High
1095,None
1096,High
1097,None
1098,None
1099,None
1100,High
1101,None
1102,None
1103,None
1104,None
1105,None
1106,None
1107,None
1108,None
1109,High
1110,None
1111,High
1112,None
1113,None
1114,High
1115,None
1116,High
1117,High
1118,High
1119,High
1120,None
1121,Very_High
1122,None
1123,None
1124,None
1125,High
1126,None
1127,None
1128,High
1129,None
1130,None
1131,None
1132,None
1133,High
1134,High
1135,High
1136,High
1137,Very_High
1138,High
1139,None
1140,High
1141,None
1142,None
1143,High
1144,High
1145,High
1146,None
1147,High
1148,None
1149,None
1150,None
1151,None
1152,None
1153,High
1154,None
1155,None
1156,None
1157,High
1158,High
1159,None
1160,Very_High
1161,None
1162,High
1163,None
1164,None
1165,None
1166,Low
1167,None
1168,None
1169,None
1170,Low
1171,Low
1172,None
1173,None
1174,None
1175,None
1176,None
1177,High
1178,None
1179,None
1180,High
1181,High
1182,High
1183,None
1184,None
1185,None
1186,None
1187,None
1188,Low
1189,High
1190,None
1191,High
1192,None
1193,High
1194,None
1195,None
1196,None
1197,None
1198,High
1199,None
1200,Very_High
1201,None
1202,None
1203,None
1204,None
1205,None
1206,High
